category,model_id,.cc3d,.cps,.f,.graphml,.inp,.java,.m,.mat,.ode,.omex,.pkl,.py,.sbml,.sci,.sedml,.sif,.svg,.tsv,.vcml,.xml,.xpp,.yaml,.zip
covid_files,MODEL2203300002,0,0,0,0,0,0,0,0,0,0,0,0,0,0,0,0,0,0,0,2,0,0,0
covid_files,MODEL2003020001,0,0,0,0,0,0,0,0,0,1,0,0,0,0,0,0,0,0,0,1,0,0,0
covid_files,BIOMD0000000962,0,1,0,0,0,0,2,0,1,0,0,0,0,0,1,0,0,0,0,2,0,0,0
covid_files,BIOMD0000000991,0,1,0,0,0,0,2,0,1,0,0,0,0,0,1,0,0,0,0,2,0,0,1
covid_files,BIOMD0000000955,0,1,0,0,0,0,2,0,1,0,0,0,0,0,1,0,0,0,0,2,0,0,0
covid_files,BIOMD0000000964,0,1,0,0,0,0,2,0,1,0,0,0,0,0,1,0,0,0,0,2,0,0,0
covid_files,BIOMD0000000963,0,1,0,0,0,0,2,0,1,0,0,0,0,0,1,0,0,0,0,2,0,0,0
covid_files,MODEL2109130003,0,0,0,0,0,0,0,0,0,0,0,0,0,0,0,0,0,0,0,1,0,0,0
covid_files,MODEL2010280002,0,0,0,0,0,0,0,0,0,0,0,0,0,0,0,0,0,0,0,1,0,0,0
covid_files,MODEL2212310001,0,0,0,0,0,0,0,0,0,0,0,0,1,0,0,0,0,4,0,0,0,1,0
covid_files,MODEL2502220001,0,0,0,0,0,0,2,3,0,0,0,0,0,0,0,0,0,0,0,0,0,0,0
covid_files,MODEL2311070005,0,0,0,0,0,0,0,0,0,1,0,0,0,0,0,0,0,0,0,0,0,0,0
covid_files,BIOMD0000000979,0,1,0,0,0,0,1,0,1,0,0,0,0,0,1,0,0,0,0,2,0,0,0
covid_files,MODEL2311070002,0,0,0,0,0,0,0,0,0,1,0,0,0,0,0,0,0,0,0,0,0,0,0
covid_files,BIOMD0000000970,0,1,0,0,0,0,2,0,1,0,0,0,0,0,1,0,0,0,0,2,0,0,0
covid_files,BIOMD0000000984,0,1,0,0,0,0,1,0,1,0,0,0,0,0,1,0,0,0,0,2,0,0,0
covid_files,BIOMD0000000983,0,1,0,0,0,0,2,0,1,0,0,0,0,0,1,0,0,0,0,2,0,0,0
covid_files,BIOMD0000000977,0,1,0,0,0,0,2,0,1,0,0,0,0,0,1,0,0,0,0,2,0,0,0
covid_files,BIOMD0000000976,0,1,0,0,0,0,2,0,1,0,0,0,0,0,1,0,0,0,0,2,0,0,0
covid_files,BIOMD0000000982,0,1,0,0,0,0,2,0,1,0,0,0,0,0,1,0,0,0,0,2,0,0,0
covid_files,MODEL2202230002,0,0,0,0,0,0,0,0,0,0,0,0,0,0,0,0,0,0,0,1,0,0,0
covid_files,BIOMD0000000971,0,1,0,0,0,0,2,0,1,0,0,0,0,0,1,0,0,0,0,2,0,0,0
covid_files,MODEL2311070003,0,0,0,0,0,0,0,0,0,1,0,0,0,0,0,0,0,0,0,0,0,0,0
covid_files,BIOMD0000000978,0,1,0,0,0,0,2,0,1,0,0,0,0,0,1,0,0,0,0,2,0,0,0
covid_files,MODEL2311070004,0,0,0,0,0,0,0,0,0,1,0,0,0,0,0,0,0,0,0,0,0,0,0
covid_files,MODEL2402280001,0,0,0,0,0,1,0,0,0,0,0,0,0,0,0,0,0,0,0,0,0,0,0
covid_files,MODEL2203300001,0,0,0,0,0,0,0,0,0,0,0,0,0,0,0,0,0,0,0,1,0,0,0
covid_files,BIOMD0000000957,0,1,0,0,0,0,2,0,1,0,0,0,0,0,1,0,0,0,0,2,0,0,0
covid_files,BIOMD0000000969,0,1,0,0,0,0,2,0,1,0,0,0,0,0,1,0,0,0,0,2,0,0,0
covid_files,BIOMD0000000956,0,1,0,0,0,0,0,0,0,0,0,0,0,0,1,0,0,0,0,2,0,0,0
covid_files,BIOMD0000000960,0,1,0,0,0,0,2,0,1,0,0,0,0,0,1,0,0,0,0,2,0,0,0
covid_files,BIOMD0000000958,0,1,0,0,0,0,2,0,1,0,0,0,0,0,1,0,0,0,0,2,0,0,0
covid_files,MODEL2212160001,1,0,0,0,0,0,0,0,0,0,0,9,0,0,0,0,0,0,0,1,0,0,1
covid_files,MODEL2504120001,0,0,0,0,0,0,0,0,0,0,0,0,0,0,0,0,0,4,0,1,0,1,0
covid_files,MODEL2111170001,0,1,0,0,0,0,0,0,0,0,0,0,0,0,0,0,0,0,0,1,0,0,0
covid_files,MODEL2209020001,0,0,0,1,0,0,0,0,0,0,1,0,0,0,0,1,0,0,0,0,0,0,0
covid_files,MODEL2401170001,0,0,2,0,1,0,0,0,0,0,0,0,0,0,0,0,0,0,0,0,0,0,0
covid_files,MODEL2503040001,0,0,0,0,0,0,0,0,0,1,0,0,0,0,0,0,0,0,0,4,0,0,1
covid_files,MODEL2202240001,0,0,0,0,0,0,0,0,0,1,0,0,0,0,0,0,0,0,0,0,0,0,0
covid_files,MODEL2311070001,0,0,0,0,0,0,0,0,0,1,0,0,0,0,0,0,0,0,0,0,0,0,0
covid_files,MODEL2311070006,0,0,0,0,0,0,0,0,0,1,0,0,0,0,0,0,0,0,0,0,0,0,0
covid_files,MODEL2007210001,0,0,0,0,0,0,0,0,0,0,0,0,0,0,0,0,0,0,0,2,0,0,0
covid_files,BIOMD0000000980,0,1,0,0,0,0,1,0,1,0,0,0,0,0,1,0,0,0,0,2,0,0,0
covid_files,BIOMD0000000974,0,1,0,0,0,0,1,0,1,0,0,0,0,0,1,0,0,0,0,2,0,0,0
covid_files,BIOMD0000000972,0,1,0,0,0,0,2,0,1,0,0,0,0,0,1,0,0,0,0,2,0,0,0
covid_files,BIOMD0000000981,0,1,0,0,0,0,2,0,1,0,0,0,0,0,1,0,0,0,0,2,0,0,0
covid_files,MODEL2311070007,0,0,0,0,0,0,0,0,0,1,0,0,0,0,0,0,0,0,0,0,0,0,0
covid_files,BIOMD0000000988,0,1,0,0,0,0,0,0,0,0,0,0,0,0,1,0,0,0,1,2,0,0,0
mpox_files,MODEL2208040001,0,0,0,2,0,0,0,0,0,0,2,0,0,0,0,2,0,0,0,0,0,0,0
tuberculosis_files,MODEL2203300002,0,0,0,0,0,0,0,0,0,0,0,0,0,0,0,0,0,0,0,2,0,0,0
tuberculosis_files,BIOMD0000001046,0,0,0,0,0,0,1,0,0,0,0,0,0,0,0,0,1,0,0,3,0,0,1
tuberculosis_files,BIOMD0000000287,0,0,0,0,0,0,2,0,1,0,0,0,0,0,1,0,1,0,1,2,0,0,0
tuberculosis_files,BIOMD0000000218,0,0,0,0,0,0,3,0,1,0,0,0,0,0,1,0,1,0,1,2,0,0,0
tuberculosis_files,BIOMD0000000219,0,0,0,0,0,0,3,0,1,0,0,0,0,0,1,0,1,0,1,2,0,0,0
tuberculosis_files,BIOMD0000000221,0,0,0,0,0,0,3,0,1,0,0,0,0,0,1,0,1,0,1,2,0,0,0
tuberculosis_files,BIOMD0000000091,0,0,0,0,0,0,3,0,1,0,0,0,0,1,1,0,1,0,1,2,0,0,0
tuberculosis_files,BIOMD0000000462,0,0,0,0,0,0,3,0,1,0,0,0,0,1,1,0,1,0,1,2,0,0,0
tuberculosis_files,MODEL1011090002,0,0,0,0,0,0,1,0,0,0,0,0,0,1,0,0,1,0,1,2,1,0,0
tuberculosis_files,BIOMD0000000581,0,0,0,0,0,0,3,0,1,0,0,0,0,0,1,0,1,0,0,2,0,0,0
tuberculosis_files,MODEL1507180018,0,0,0,0,0,0,1,0,0,0,0,0,0,1,0,0,1,0,1,2,1,0,0
tuberculosis_files,MODEL1507180021,0,0,0,0,0,0,1,0,0,0,0,0,0,1,0,0,1,0,1,2,1,0,0
tuberculosis_files,MODEL1911120004,0,1,0,0,0,0,0,0,0,0,0,0,0,0,0,0,0,0,0,1,0,0,0
tuberculosis_files,MODEL2203300001,0,0,0,0,0,0,0,0,0,0,0,0,0,0,0,0,0,0,0,1,0,0,0
tuberculosis_files,BIOMD0000000222,0,0,0,0,0,0,3,0,1,0,0,0,0,0,1,0,1,0,1,2,0,0,0
tuberculosis_files,MODEL1411110000,0,0,0,0,0,0,1,0,0,0,0,0,0,1,0,0,1,0,1,2,1,0,0
tuberculosis_files,BIOMD0000000608,0,0,0,0,0,0,3,0,1,0,0,0,0,1,1,0,1,0,0,2,0,0,1
tuberculosis_files,MODEL1011090001,0,0,0,0,0,0,1,0,0,0,0,0,0,1,0,0,1,0,1,2,1,0,0
tuberculosis_files,BIOMD0000000582,0,0,0,0,0,0,4,0,1,0,0,0,0,0,1,0,1,0,0,2,0,0,0
tuberculosis_files,BIOMD0000001034,0,1,0,0,0,0,2,0,1,0,0,0,0,0,1,0,0,0,0,2,0,0,0
tuberculosis_files,BIOMD0000001095,0,0,0,0,0,0,1,0,0,1,0,0,0,1,0,0,1,0,1,2,1,0,0
dengue_files,MODEL2311070005,0,0,0,0,0,0,0,0,0,1,0,0,0,0,0,0,0,0,0,0,0,0,0
dengue_files,MODEL2311070002,0,0,0,0,0,0,0,0,0,1,0,0,0,0,0,0,0,0,0,0,0,0,0
dengue_files,MODEL2311070003,0,0,0,0,0,0,0,0,0,1,0,0,0,0,0,0,0,0,0,0,0,0,0
dengue_files,MODEL2311070004,0,0,0,0,0,0,0,0,0,1,0,0,0,0,0,0,0,0,0,0,0,0,0
dengue_files,MODEL2003160002,0,1,0,0,0,0,0,0,0,0,0,0,0,0,0,0,0,0,0,1,0,0,0
dengue_files,MODEL2003190001,0,1,0,0,0,0,0,0,0,0,0,0,0,0,0,0,0,0,0,1,0,0,0
dengue_files,MODEL2311070001,0,0,0,0,0,0,0,0,0,1,0,0,0,0,0,0,0,0,0,0,0,0,0
dengue_files,MODEL2311070006,0,0,0,0,0,0,0,0,0,1,0,0,0,0,0,0,0,0,0,0,0,0,0
dengue_files,MODEL2311070007,0,0,0,0,0,0,0,0,0,1,0,0,0,0,0,0,0,0,0,0,0,0,0
hiv_files,BIOMD0000000707,0,1,0,0,0,0,3,0,1,0,0,0,0,0,1,0,1,0,0,2,0,0,0
hiv_files,MODEL1006230055,0,0,0,0,0,0,1,0,0,0,0,0,0,1,0,0,1,0,1,2,1,0,0
hiv_files,BIOMD0000000874,0,1,0,0,0,0,5,0,2,0,0,0,0,0,1,0,1,0,0,3,0,0,0
hiv_files,BIOMD0000000875,0,1,0,0,0,0,5,0,2,0,0,0,0,0,1,0,1,0,1,3,0,0,0
hiv_files,BIOMD0000000872,0,1,0,0,0,0,5,0,2,0,0,0,0,0,1,0,1,0,1,3,0,0,0
hiv_files,MODEL4028801312,0,0,0,0,0,0,1,0,0,0,0,0,0,1,0,0,1,0,1,2,1,0,0
hiv_files,MODEL1302180001,0,0,0,0,0,0,1,0,0,0,0,0,0,1,0,0,1,0,1,2,1,0,0
hiv_files,BIOMD0000000573,0,1,0,0,0,0,3,0,1,0,0,0,0,0,1,0,1,0,1,2,0,0,0
hiv_files,MODEL1805230001,0,1,0,0,0,0,0,0,0,0,0,0,0,0,0,0,0,0,0,1,0,0,0
hiv_files,MODEL1006230035,0,0,0,0,0,0,1,0,0,0,0,0,0,1,0,0,1,0,1,2,1,0,0
hiv_files,MODEL1006230050,0,0,0,0,0,0,1,0,0,0,0,0,0,1,0,0,1,0,1,2,1,0,0
hiv_files,MODEL1006230033,0,0,0,0,0,0,1,0,0,0,0,0,0,1,0,0,1,0,1,2,1,0,0
hiv_files,MODEL8102792069,0,0,0,0,0,0,1,0,0,0,0,0,0,1,0,0,1,0,1,2,1,0,0
hiv_files,MODEL1006230093,0,0,0,0,0,0,1,0,0,0,0,0,0,1,0,0,1,0,1,2,1,0,0
hiv_files,BIOMD0000000967,0,1,0,0,0,0,0,0,0,0,0,0,0,0,1,0,0,0,0,2,0,0,0
hiv_files,BIOMD0000000683,0,1,0,0,0,0,3,0,0,0,0,0,0,0,1,0,1,0,0,3,0,0,0
hiv_files,BIOMD0000000876,0,1,0,0,0,0,2,0,1,0,0,0,0,0,1,0,0,0,0,2,0,0,0
hiv_files,BIOMD0000000663,0,1,0,0,0,0,3,0,1,0,0,0,0,0,1,0,1,0,0,2,0,0,0
hiv_files,MODEL1302180002,0,0,0,0,0,0,1,0,0,0,0,0,0,1,0,0,1,0,1,2,1,0,0
hiv_files,MODEL2503040001,0,0,0,0,0,0,0,0,0,1,0,0,0,0,0,0,0,0,0,4,0,0,1
hiv_files,MODEL1812040004,0,1,0,0,0,0,0,0,0,0,0,0,0,0,0,0,0,0,0,1,0,0,0
hiv_files,MODEL1006230075,0,0,0,0,0,0,1,0,0,0,0,0,0,1,0,0,1,0,1,2,1,0,0
hiv_files,MODEL1006230081,0,0,0,0,0,0,1,0,0,0,0,0,0,1,0,0,1,0,1,2,1,0,0
hiv_files,MODEL1812040002,0,1,0,0,0,0,0,0,0,0,0,0,0,0,0,0,0,0,0,1,0,0,0
influenza_files,BIOMD0000000708,0,1,0,0,0,0,2,0,1,0,0,0,0,0,1,0,0,0,0,2,0,0,0
influenza_files,BIOMD0000000709,0,2,0,0,0,0,2,0,1,0,0,0,0,0,2,0,0,0,0,2,0,0,0
influenza_files,BIOMD0000000889,0,1,0,0,0,0,2,0,0,0,0,0,0,0,1,0,0,0,0,2,0,0,0
influenza_files,MODEL1504160000,0,0,0,0,0,0,0,0,0,0,0,0,0,1,0,0,1,0,1,2,0,0,0
influenza_files,BIOMD0000000463,0,0,0,0,0,0,3,0,1,0,0,0,0,1,1,0,1,0,0,2,0,0,0
influenza_files,BIOMD0000000851,0,1,0,0,0,0,2,0,1,0,0,0,0,0,1,0,0,0,0,2,0,0,0
influenza_files,MODEL2311070005,0,0,0,0,0,0,0,0,0,1,0,0,0,0,0,0,0,0,0,0,0,0,0
influenza_files,MODEL2311070002,0,0,0,0,0,0,0,0,0,1,0,0,0,0,0,0,0,0,0,0,0,0,0
influenza_files,BIOMD0000000528,0,0,0,0,0,0,3,0,1,0,0,0,0,0,1,0,1,0,0,2,0,0,0
influenza_files,MODEL1812040006,0,1,0,0,0,0,0,0,0,0,0,0,0,0,0,0,0,0,0,1,0,0,0
influenza_files,BIOMD0000000529,0,0,0,0,0,0,3,0,1,0,0,0,0,0,1,0,1,0,0,2,0,0,0
influenza_files,MODEL2311070003,0,0,0,0,0,0,0,0,0,1,0,0,0,0,0,0,0,0,0,0,0,0,0
influenza_files,BIOMD0000000712,0,4,0,0,0,0,2,0,1,0,0,0,0,0,4,0,0,0,0,2,0,0,0
influenza_files,MODEL2311070004,0,0,0,0,0,0,0,0,0,1,0,0,0,0,0,0,0,0,0,0,0,0,0
influenza_files,BIOMD0000001045,0,1,0,0,0,0,2,0,1,0,0,0,0,0,1,0,0,0,0,2,0,0,0
influenza_files,MODEL1406230000,0,0,0,0,0,0,1,0,0,0,0,0,0,1,0,0,1,0,1,2,1,0,0
influenza_files,BIOMD0000000865,0,1,0,0,0,0,0,0,0,0,0,0,0,0,1,0,0,0,0,2,0,0,0
influenza_files,MODEL1411130000,0,0,0,0,0,0,1,0,0,0,0,0,0,1,0,0,1,0,1,2,1,0,0
influenza_files,BIOMD0000000710,0,1,0,0,0,0,2,0,1,0,0,0,0,0,1,0,0,0,0,2,0,0,0
influenza_files,MODEL2311070001,0,0,0,0,0,0,0,0,0,1,0,0,0,0,0,0,0,0,0,0,0,0,0
influenza_files,MODEL2311070006,0,0,0,0,0,0,0,0,0,1,0,0,0,0,0,0,0,0,0,0,0,0,0
influenza_files,BIOMD0000000717,0,1,0,0,0,0,2,0,1,0,0,0,0,0,1,0,0,0,0,2,0,0,0
influenza_files,MODEL1812040005,0,2,0,0,0,0,0,0,0,0,0,0,0,0,0,0,0,0,0,2,0,0,0
influenza_files,BIOMD0000000716,0,1,0,0,0,0,2,0,1,0,0,0,0,0,1,0,0,0,0,2,0,0,0
influenza_files,MODEL2311070007,0,0,0,0,0,0,0,0,0,1,0,0,0,0,0,0,0,0,0,0,0,0,0
influenza_files,BIOMD0000000711,0,1,0,0,0,0,2,0,1,0,0,0,0,0,1,0,0,0,0,2,0,0,0
influenza_files,BIOMD0000000546,0,1,0,0,0,0,1,0,0,0,0,0,0,0,1,0,0,0,0,3,0,0,0
