observableId	simulationConditionId	measurement	time	noiseParameters	observableParameters
ab_prev_1x	Ethiopia	0.232	266	0.05611788279436673	
ab_prev_2x	Ethiopia	0.026	266	0.010259163973645815	
ab_prev_2x	Ethiopia	0.05	295	0.033856200662894395	
ab_prev_1x	Ethiopia	0.37	295	0.15388382873853043	
ab_prev_1x	Ethiopia	0.389	301	0.16872117053012695	
ab_prev_2x	Ethiopia	0.053	301	0.03837603194878322	
ab_prev_1x	Ethiopia	0.537	310	0.15997547994368	
ab_prev_2x	Ethiopia	0.134	310	0.09202446832570714	
ab_prev_1x	Ethiopia	0.365	313	0.17764582663474685	
ab_prev_2x	Ethiopia	0.041	313	0.036707637133195976	
ab_prev_2x	Ethiopia	0.023	320	0.02358046999446998	
ab_prev_1x	Ethiopia	0.341	320	0.14793300762004458	
ab_prev_1x	Ethiopia	0.458	328	0.15915147265068702	
ab_prev_2x	Ethiopia	0.145	328	0.0981055461580719	
ab_prev_2x	Ethiopia	0.102	346	0.06829396964362067	
ab_prev_1x	Ethiopia	0.417	346	0.17473669323520463	
ab_prev_2x	Ethiopia	0.08	347	0.05904838283001599	
ab_prev_1x	Ethiopia	0.494	347	0.1575382080143696	
ab_prev_2x	Ethiopia	0.029	359	0.0323057765508785	
ab_prev_1x	Ethiopia	0.386	359	0.1734482017310715	
ab_prev_2x	Ethiopia	0.079	385	0.04539822910638496	
ab_prev_1x	Ethiopia	0.564	385	0.15912072926493806	
ab_prev_2x	Ethiopia	0.172	391	0.07173187159402979	
ab_prev_1x	Ethiopia	0.629	391	0.15073428226414579	
ab_prev_2x	Ethiopia	0.15	512	0.06643352681809027	
ab_prev_1x	Ethiopia	0.527	512	0.14494989364440103	
ab_prev_2x	Ethiopia	0.218	524	0.09551101306900305	
ab_prev_1x	Ethiopia	0.491	524	0.14732824468990527	
ab_prev_2x	Ethiopia	0.208	530	0.09061828665837779	
ab_prev_1x	Ethiopia	0.59	530	0.16025174717012303	
ab_prev_1x	Ethiopia	0.536	543	0.15776368268381877	
ab_prev_2x	Ethiopia	0.311	543	0.1407374561755168	
ab_prev_2x	Ethiopia	0.806	740	0.16435354969667296	
ab_prev_1x	Ethiopia	0.161	740	0.049416199198507295	
ab_prev_1x	Ethiopia	0.207	747	0.05318692517719982	
ab_prev_2x	Ethiopia	0.772	747	0.1434560715934803	
ab_prev_2x	Ethiopia	0.639	754	0.14307078784985552	
ab_prev_1x	Ethiopia	0.355	754	0.12132921512328963	
ab_prev_1x	Ethiopia	0.155	757	0.04568140775819105	
ab_prev_2x	Ethiopia	0.845	757	0.16092526272352953	
var_inc_0	Ethiopia	0.714	216	0.1136049659916102	
var_inc_1	Ethiopia	0.286	216	0.18619353682152098	
var_inc_2	Ethiopia	0.0	216	0.21454443703942125	
var_inc_3	Ethiopia	0.0	216	0.21437510467908785	
var_inc_4	Ethiopia	0.0	216	0.21482609967760627	
var_inc_5	Ethiopia	0.0	216	0.21757322955199007	
var_inc_6	Ethiopia	0.0	216	0.21586305404000833	
var_inc_7	Ethiopia	0.0	216	0.21596911858615098	
var_inc_0	Ethiopia	0.8	247	0.12489332135505737	
var_inc_1	Ethiopia	0.2	247	0.2122488488032904	
var_inc_2	Ethiopia	0.0	247	0.2262704288202789	
var_inc_3	Ethiopia	0.0	247	0.2268658524936264	
var_inc_4	Ethiopia	0.0	247	0.22576386966342715	
var_inc_5	Ethiopia	0.0	247	0.227732646328692	
var_inc_6	Ethiopia	0.0	247	0.22496703586426742	
var_inc_7	Ethiopia	0.0	247	0.22688044257197548	
var_inc_0	Ethiopia	0.8	277	0.12393776262458535	
var_inc_1	Ethiopia	0.2	277	0.21140927232317272	
var_inc_2	Ethiopia	0.0	277	0.22449965636280406	
var_inc_3	Ethiopia	0.0	277	0.22740269638607094	
var_inc_4	Ethiopia	0.0	277	0.22813088394535133	
var_inc_5	Ethiopia	0.0	277	0.22579615317925275	
var_inc_6	Ethiopia	0.0	277	0.2243033748007863	
var_inc_7	Ethiopia	0.0	277	0.22409026090155035	
var_inc_0	Ethiopia	0.419	311	0.09770038413443452	
var_inc_1	Ethiopia	0.209	311	0.17663023023974367	
var_inc_2	Ethiopia	0.349	311	0.12121245842398737	
var_inc_3	Ethiopia	0.023	311	0.07418525363264203	
var_inc_4	Ethiopia	0.0	311	0.045138848276782696	
var_inc_5	Ethiopia	0.0	311	0.04576686529400309	
var_inc_6	Ethiopia	0.0	311	0.04579403409237804	
var_inc_7	Ethiopia	0.0	311	0.04556529597020434	
var_inc_0	Ethiopia	0.303	333	0.11894482763295329	
var_inc_1	Ethiopia	0.25	333	0.14433171561584252	
var_inc_2	Ethiopia	0.368	333	0.09099718934625158	
var_inc_3	Ethiopia	0.079	333	0.09383512208831321	
var_inc_4	Ethiopia	0.0	333	0.026514948408960577	
var_inc_5	Ethiopia	0.0	333	0.026079269108639242	
var_inc_6	Ethiopia	0.0	333	0.025489235414942683	
var_inc_7	Ethiopia	0.0	333	0.02632752740093559	
var_inc_0	Ethiopia	0.258	369	0.11121164331480965	
var_inc_1	Ethiopia	0.124	369	0.06907986767652728	
var_inc_2	Ethiopia	0.619	369	0.07600630606871278	
var_inc_3	Ethiopia	0.0	369	0.012733777583595871	
var_inc_4	Ethiopia	0.0	369	0.012611863421835885	
var_inc_5	Ethiopia	0.0	369	0.01251474831537558	
var_inc_6	Ethiopia	0.0	369	0.012622101586612334	
var_inc_7	Ethiopia	0.0	369	0.012626996803234763	
var_inc_0	Ethiopia	0.021	403	0.03478767181381364	
var_inc_1	Ethiopia	0.0	403	0.022498622767973576	
var_inc_2	Ethiopia	0.787	403	0.07442974537504103	
var_inc_3	Ethiopia	0.064	403	0.05921030707122676	
var_inc_4	Ethiopia	0.128	403	0.0834505131532526	
var_inc_5	Ethiopia	0.0	403	0.022155622159702078	
var_inc_6	Ethiopia	0.0	403	0.021922823704493468	
var_inc_7	Ethiopia	0.0	403	0.023259619290215215	
var_inc_0	Ethiopia	0.032	426	0.07484205497784276	
var_inc_1	Ethiopia	0.032	426	0.07528680288628853	
var_inc_2	Ethiopia	0.71	426	0.07934137722659136	
var_inc_3	Ethiopia	0.032	426	0.07602626739207542	
var_inc_4	Ethiopia	0.161	426	0.15665551606364392	
var_inc_5	Ethiopia	0.032	426	0.07375554783165865	
var_inc_6	Ethiopia	0.0	426	0.044622963891878885	
var_inc_7	Ethiopia	0.0	426	0.046661525261260633	
var_inc_0	Ethiopia	0.0	459	0.2009097180082617	
var_inc_1	Ethiopia	0.0	459	0.1984917860022	
var_inc_2	Ethiopia	1.0	459	0.08919349589093055	
var_inc_3	Ethiopia	0.0	459	0.19721900744507548	
var_inc_4	Ethiopia	0.0	459	0.19577017390999665	
var_inc_5	Ethiopia	0.0	459	0.19962598126516823	
var_inc_6	Ethiopia	0.0	459	0.20245366788542166	
var_inc_7	Ethiopia	0.0	459	0.1993072520339224	
var_inc_0	Ethiopia	0.0	489	0.11280596454704404	
var_inc_1	Ethiopia	0.0	489	0.10184895407584305	
var_inc_2	Ethiopia	0.933	489	0.07607586333045847	
var_inc_3	Ethiopia	0.0	489	0.11017290827505388	
var_inc_4	Ethiopia	0.0	489	0.10259633408763384	
var_inc_5	Ethiopia	0.067	489	0.16318812002512925	
var_inc_6	Ethiopia	0.0	489	0.10694585473302565	
var_inc_7	Ethiopia	0.0	489	0.10698133288826499	
var_inc_0	Ethiopia	0.0	520	0.12485526425095847	
var_inc_1	Ethiopia	0.0	520	0.12428340937559891	
var_inc_2	Ethiopia	0.0	520	0.11825936085285566	
var_inc_3	Ethiopia	0.0	520	0.12171334462009432	
var_inc_4	Ethiopia	0.0	520	0.12520484050086841	
var_inc_5	Ethiopia	1.0	520	0.07766347956926835	
var_inc_6	Ethiopia	0.0	520	0.1196263989648308	
var_inc_7	Ethiopia	0.0	520	0.1171789812144232	
var_inc_0	Ethiopia	0.0	551	0.014097540184891975	
var_inc_1	Ethiopia	0.0	551	0.01339416566930943	
var_inc_2	Ethiopia	0.0	551	0.013388291064731458	
var_inc_3	Ethiopia	0.0	551	0.013887714622627965	
var_inc_4	Ethiopia	0.0	551	0.013666595450848485	
var_inc_5	Ethiopia	1.0	551	0.07950364470018827	
var_inc_6	Ethiopia	0.0	551	0.013285642246291623	
var_inc_7	Ethiopia	0.0	551	0.013925468422619424	
var_inc_0	Ethiopia	0.0	583	0.06699321305077902	
var_inc_1	Ethiopia	0.0	583	0.06843584239387455	
var_inc_2	Ethiopia	0.0	583	0.06882671408528114	
var_inc_3	Ethiopia	0.0	583	0.06825229863601587	
var_inc_4	Ethiopia	0.0	583	0.06701420110413911	
var_inc_5	Ethiopia	1.0	583	0.07792507435652928	
var_inc_6	Ethiopia	0.0	583	0.06572667564737115	
var_inc_7	Ethiopia	0.0	583	0.0653216365109955	
var_inc_0	Ethiopia	0.0	610	0.10478677500906879	
var_inc_1	Ethiopia	0.0	610	0.10121472028159721	
var_inc_2	Ethiopia	0.0	610	0.10262257296182725	
var_inc_3	Ethiopia	0.0	610	0.10413815645173556	
var_inc_4	Ethiopia	0.0	610	0.10684484573241385	
var_inc_5	Ethiopia	0.933	610	0.07538533098080023	
var_inc_6	Ethiopia	0.067	610	0.16361394281709793	
var_inc_7	Ethiopia	0.0	610	0.1073711932243766	
var_inc_0	Ethiopia	0.0	646	0.015841616378594988	
var_inc_1	Ethiopia	0.0	646	0.016129917765845044	
var_inc_2	Ethiopia	0.0	646	0.016299237577464126	
var_inc_3	Ethiopia	0.0	646	0.015650397665936185	
var_inc_4	Ethiopia	0.0	646	0.0159031571381843	
var_inc_5	Ethiopia	0.186	646	0.08725207878109663	
var_inc_6	Ethiopia	0.814	646	0.07702919804079912	
var_inc_7	Ethiopia	0.0	646	0.016630389235710676	
var_inc_0	Ethiopia	0.0	666	0.019519798139309846	
var_inc_1	Ethiopia	0.0	666	0.019946086563207982	
var_inc_2	Ethiopia	0.0	666	0.020398183505416077	
var_inc_3	Ethiopia	0.0	666	0.01941103082659056	
var_inc_4	Ethiopia	0.0	666	0.01928889343423384	
var_inc_5	Ethiopia	0.0	666	0.019991721914680436	
var_inc_6	Ethiopia	1.0	666	0.07459496075443665	
var_inc_7	Ethiopia	0.0	666	0.020304155194532374	
var_inc_0	Ethiopia	0.0	692	0.2276932094484972	
var_inc_1	Ethiopia	0.0	692	0.22686418497238045	
var_inc_2	Ethiopia	0.0	692	0.23009972542454646	
var_inc_3	Ethiopia	0.0	692	0.2287728901080373	
var_inc_4	Ethiopia	0.0	692	0.22649816810164847	
var_inc_5	Ethiopia	0.0	692	0.23130603955351	
var_inc_6	Ethiopia	1.0	692	0.12326091446925953	
var_inc_7	Ethiopia	0.0	692	0.22867503029865524	
var_inc_0	Ethiopia	0.0	723	0.23879810238177188	
var_inc_1	Ethiopia	0.0	723	0.23712167096466066	
var_inc_2	Ethiopia	0.0	723	0.23860506065362527	
var_inc_3	Ethiopia	0.0	723	0.23804845794699736	
var_inc_4	Ethiopia	0.0	723	0.23758788649053797	
var_inc_5	Ethiopia	0.0	723	0.23738132376276874	
var_inc_6	Ethiopia	1.0	723	0.19830557653958078	
var_inc_7	Ethiopia	0.0	723	0.2373602819905473	
var_inc_0	Ethiopia	0.0	817	0.21259531446396587	
var_inc_1	Ethiopia	0.0	817	0.21714424724480436	
var_inc_2	Ethiopia	0.0	817	0.21877273947388476	
var_inc_3	Ethiopia	0.0	817	0.218746354397525	
var_inc_4	Ethiopia	0.0	817	0.2120120394778137	
var_inc_5	Ethiopia	0.0	817	0.2162206896002764	
var_inc_6	Ethiopia	0.429	817	0.155145710878158	
var_inc_7	Ethiopia	0.571	817	0.1324035436637867	
var_inc_0	Ethiopia	0.0	843	0.05508177115280768	
var_inc_1	Ethiopia	0.0	843	0.054023879575385306	
var_inc_2	Ethiopia	0.0	843	0.05444195487783876	
var_inc_3	Ethiopia	0.0	843	0.055657171806755765	
var_inc_4	Ethiopia	0.0	843	0.05537061527730554	
var_inc_5	Ethiopia	0.0	843	0.054267149687069145	
var_inc_6	Ethiopia	0.0	843	0.05373309302277504	
var_inc_7	Ethiopia	1.0	843	0.07646089286237405	
infc_rel_nat	Ethiopia	0.08968	247	0.10143436542083005	scaling_infc_rel_nat_Ethiopia
infc_rel_nat	Ethiopia	0.08713548387096776	278	0.09896374119557369	scaling_infc_rel_nat_Ethiopia
infc_rel_nat	Ethiopia	0.08139677419354838	309	0.09791301281491717	scaling_infc_rel_nat_Ethiopia
infc_rel_nat	Ethiopia	0.12484285714285713	338	0.1218482875315221	scaling_infc_rel_nat_Ethiopia
infc_rel_nat	Ethiopia	0.2110548387096774	368	0.14005059266990547	scaling_infc_rel_nat_Ethiopia
infc_rel_nat	Ethiopia	0.22499666666666665	398	0.14411491109944885	scaling_infc_rel_nat_Ethiopia
infc_rel_nat	Ethiopia	0.10026774193548386	429	0.11125997951155463	scaling_infc_rel_nat_Ethiopia
infc_rel_nat	Ethiopia	0.03181379310344828	459	0.06306310202565772	scaling_infc_rel_nat_Ethiopia
infc_rel_nat	Ethiopia	0.02639032258064516	490	0.05842165290074778	scaling_infc_rel_nat_Ethiopia
infc_rel_nat	Ethiopia	0.12050000000000001	521	0.11125632226956948	scaling_infc_rel_nat_Ethiopia
infc_rel_nat	Ethiopia	0.15883666666666668	551	0.12623360576617443	scaling_infc_rel_nat_Ethiopia
infc_rel_nat	Ethiopia	0.0844258064516129	582	0.0980675530171185	scaling_infc_rel_nat_Ethiopia
infc_rel_nat	Ethiopia	0.03592666666666666	612	0.08393654890220482	scaling_infc_rel_nat_Ethiopia
infc_rel_nat	Ethiopia	0.1461741935483871	643	0.12268958328226597	scaling_infc_rel_nat_Ethiopia
infc_rel_nat	Ethiopia	0.17137419354838712	674	0.13290541520290106	scaling_infc_rel_nat_Ethiopia
infc_rel_nat	Ethiopia	0.021667857142857138	703	0.0642528007526472	scaling_infc_rel_nat_Ethiopia
infc_rel_nat	Ethiopia	0.006690322580645162	733	0.05866559482429861	scaling_infc_rel_nat_Ethiopia
infc_rel_nat	Ethiopia	0.006189999999999999	763	0.06098106819412329	scaling_infc_rel_nat_Ethiopia
infc_rel_nat	Ethiopia	0.014219354838709676	794	0.05944837299611206	scaling_infc_rel_nat_Ethiopia
infc_rel_nat	Ethiopia	0.11790000000000002	824	0.11442231744504981	scaling_infc_rel_nat_Ethiopia
infc_rel_nat	Ethiopia	0.0411	855	0.08145161699160179	scaling_infc_rel_nat_Ethiopia
infc_rel_nat	Ethiopia	0.014758064516129033	886	0.05847243240281126	scaling_infc_rel_nat_Ethiopia
